{"RuleTriggered": 58, "Violations": 58, "Details": {"algo-1": {"cpu": {"p25": 35.135625000000005, "p50": 37.16875, "p75": 39.43875, "p95": 70.35187499999999, "upper": 45.89343749999999, "lower": 28.680937500000013}, "gpu0": {"p25": 13.0, "p50": 21.0, "p75": 22.0, "p95": 36.0, "upper": 35.5, "lower": 0.0}, "gpu0_memory": {"p25": 11.0, "p50": 18.0, "p75": 18.0, "p95": 30.0, "upper": 25.5, "lower": 3.5}}, "last_timestamp": 1679709120000000, "algo-2": {"cpu": {"p25": 35.133125, "p50": 37.209999999999994, "p75": 39.5, "p95": 70.200625, "upper": 46.050312500000004, "lower": 28.5828125}, "gpu0": {"p25": 13.0, "p50": 21.0, "p75": 22.0, "p95": 38.0, "upper": 35.5, "lower": 0.0}, "gpu0_memory": {"p25": 11.0, "p50": 18.0, "p75": 18.0, "p95": 32.0, "upper": 25.5, "lower": 3.5}}}, "Datapoints": 4386, "RuleParameters": "cpu_threshold_p95:70\ngpu_threshold_p95:70\ngpu_memory_threshold_p95:70\npatience:1000\nwindow:500"}