{"RuleTriggered": 0, "Violations": 0, "Details": {"pin_memory": false, "num_workers": 0, "cores": 4, "dataloaders": 1, "dataloading_time": {"p25": 0.157907, "p50": 0.175554, "p95": 0.2073186, "probs": [1, 0, 0, 0, 0, 0, 0, 0, 0, 0, 0, 0, 0, 0, 0, 0, 0, 0, 0, 0, 0, 0, 0, 0, 0, 0, 0, 0, 0, 0, 0, 0, 0, 0, 0, 0, 0, 0, 0, 0, 0, 0, 0, 0, 0, 0, 0, 0, 0, 0, 0, 0, 0, 0, 0, 0, 0, 0, 0, 0, 0, 0, 0, 0, 0, 0, 0, 0, 0, 0, 0, 0, 0, 0, 0, 0, 0, 0, 0, 0, 0, 0, 0, 0, 0, 0, 0, 0, 0, 0, 0, 0, 0, 0, 0, 0, 0, 0, 0, 1], "binedges": [0.14026, 0.14096588, 0.14167176, 0.14237764, 0.14308352, 0.14378939999999998, 0.14449528, 0.14520116, 0.14590704, 0.14661292, 0.1473188, 0.14802468, 0.14873056, 0.14943644, 0.15014232, 0.1508482, 0.15155408, 0.15225996, 0.15296584, 0.15367172, 0.1543776, 0.15508348, 0.15578936, 0.15649524, 0.15720112, 0.157907, 0.15861288, 0.15931876, 0.16002464, 0.16073052, 0.1614364, 0.16214228, 0.16284816, 0.16355404, 0.16425992, 0.1649658, 0.16567168, 0.16637756, 0.16708344, 0.16778932, 0.1684952, 0.16920108, 0.16990696, 0.17061284, 0.17131872, 0.1720246, 0.17273048, 0.17343636, 0.17414224, 0.17484812, 0.175554, 0.17625988, 0.17696576, 0.17767164, 0.17837752, 0.1790834, 0.17978928, 0.18049516, 0.18120104, 0.18190692, 0.1826128, 0.18331868, 0.18402456, 0.18473044, 0.18543632, 0.1861422, 0.18684808, 0.18755396, 0.18825984, 0.18896572, 0.1896716, 0.19037748, 0.19108336, 0.19178924, 0.19249512000000002, 0.193201, 0.19390688, 0.19461276, 0.19531864, 0.19602452, 0.1967304, 0.19743628000000002, 0.19814216, 0.19884804, 0.19955392, 0.2002598, 0.20096568, 0.20167156, 0.20237744000000002, 0.20308332, 0.2037892, 0.20449508, 0.20520096, 0.20590684, 0.20661272, 0.20731860000000002, 0.20802448, 0.20873036, 0.20943624, 0.21014212, 0.210848]}}, "Datapoints": 2, "RuleParameters": "min_threshold:70\nmax_threshold:200"}