{"RuleTriggered": 0, "Violations": 20, "Details": {"low_gpu_utilization": 1970, "bottlenecks": {"1679709147.502435": {"GPUs": 1, "CPUs": 1}, "1679709148.001292": {"GPUs": 1, "CPUs": 1}, "1679709230.500274": {"GPUs": 1, "CPUs": 1}, "1679709240.000319": {"GPUs": 1, "CPUs": 1}, "1679709369.500335": {"GPUs": 1, "CPUs": 1}, "1679709370.500326": {"GPUs": 1, "CPUs": 1}, "1679709371.000323": {"GPUs": 1, "CPUs": 1}, "1679709374.500325": {"GPUs": 1, "CPUs": 1}, "1679709375.500342": {"GPUs": 1, "CPUs": 1}, "1679709384.500316": {"GPUs": 1, "CPUs": 1}, "1679709387.500352": {"GPUs": 1, "CPUs": 1}, "1679709388.500332": {"GPUs": 1, "CPUs": 1}, "1679709389.500313": {"GPUs": 1, "CPUs": 1}, "1679709368.000262": {"GPUs": 1, "CPUs": 1}, "1679709368.500271": {"GPUs": 1, "CPUs": 1}, "1679709372.000279": {"GPUs": 1, "CPUs": 1}, "1679709374.500288": {"GPUs": 1, "CPUs": 1}, "1679709383.000255": {"GPUs": 1, "CPUs": 1}, "1679709610.500324": {"GPUs": 1, "CPUs": 1}, "1679709714.000337": {"GPUs": 1, "CPUs": 1}}}, "Datapoints": 8777, "RuleParameters": "threshold:50\nio_threshold:50\ngpu_threshold:10\npatience:1000"}