{"RuleTriggered": 0, "Violations": 0, "Details": {"step_num": {"first": 1679709381716633, "last": 1679711339972605}, "job_start": 1679709146.500183, "job_end": 1679711339.500769}, "Datapoints": 18769, "RuleParameters": "threshold:20"}