{"RuleTriggered": 0, "Violations": 0, "Details": {"ratio": {"gpu_functions-dev:0": 50.073807697808206, "cpu_functions": 49.926192302191794}, "phase": {"Step:ModeKeys.TRAIN": 37.20551283788018, "others": 62.60024721514019, "Step:ModeKeys.EVAL": 0.19423994697962949}, "phase_time": {}, "CPU": {"aten::conv2d": 23.193845905490765, "aten::convolution": 23.19095187921142, "aten::_convolution": 23.18880305721704, "aten::cudnn_convolution": 23.186028742469414, "aten::linear": 3.6203236242642283, "aten::addmm": 3.6200467913471237}, "CPU_total": {"aten::conv2d": 15499824, "aten::convolution": 15497890, "aten::_convolution": 15496454, "aten::cudnn_convolution": 15494600, "aten::linear": 2419365, "aten::addmm": 2419180}, "GPU": {"aten::conv2d": 23.196433183782855, "aten::convolution": 23.19474159618385, "aten::_convolution": 23.19342326268877, "aten::cudnn_convolution": 23.191289742230715, "aten::linear": 3.6121859999850696, "aten::addmm": 3.611926215128735}, "GPU_total": {"aten::conv2d": 15536623, "aten::convolution": 15535490, "aten::_convolution": 15534607, "aten::cudnn_convolution": 15533178, "aten::linear": 2419388, "aten::addmm": 2419214}, "general": {"DataLoaderIterInitialize": 0.001380088424967148, "DataLoaderIter": 0.06573871750283074, "Forward": 99.9328811940722}}, "Datapoints": 0, "RuleParameters": ""}