{"RuleTriggered": 39, "Violations": 633, "Details": {"step_details": {"algo-2-27": {"step_stats": {"mean": 0.028091762440318302, "max": 10.703064, "p99": 0.03170568000000001, "p95": 0.027200799999999987, "p50": 0.023332, "min": 0.016442}, "number_of_outliers": 20, "phase": "Step:ModeKeys.TRAIN", "stddev": 0.13, "probs": [5, 5, 2, 2, 0, 3, 39, 382, 121, 83, 69, 62, 1262, 2560, 804, 658, 453, 459, 1394, 429, 93, 65, 63, 63, 45, 54, 32, 34, 29, 23, 27, 22, 14, 15, 1, 2, 6, 4, 3, 4, 6, 1, 2, 0, 0, 1, 1, 1, 0, 0, 0, 1, 0, 0, 0, 0, 0, 0, 0, 0, 0, 0, 0, 0, 0, 0, 0, 0, 0, 0, 0, 0, 0, 0, 0, 0, 0, 0, 0, 0, 0, 0, 0, 0, 0, 0, 0, 0, 0, 0, 0, 0, 0, 0, 0, 0, 0, 0, 0, 1], "binedges": [0.016442, 0.016930149999999998, 0.017418299999999998, 0.017906449999999997, 0.018394599999999997, 0.018882749999999997, 0.019370899999999996, 0.019859049999999996, 0.0203472, 0.02083535, 0.0213235, 0.02181165, 0.022299799999999998, 0.022787949999999998, 0.023276099999999997, 0.023764249999999997, 0.024252399999999997, 0.02474055, 0.0252287, 0.02571685, 0.026205, 0.02669315, 0.0271813, 0.027669449999999998, 0.028157599999999998, 0.028645749999999998, 0.029133899999999997, 0.029622049999999997, 0.030110199999999997, 0.030598349999999996, 0.031086499999999996, 0.031574649999999996, 0.032062799999999995, 0.032550949999999995, 0.0330391, 0.033527249999999995, 0.0340154, 0.034503549999999994, 0.0349917, 0.03547984999999999, 0.035968, 0.03645614999999999, 0.0369443, 0.03743244999999999, 0.0379206, 0.03840875, 0.0388969, 0.03938505, 0.0398732, 0.04036135, 0.0408495, 0.04133765, 0.041825799999999996, 0.042313949999999996, 0.042802099999999996, 0.043290249999999995, 0.043778399999999995, 0.044266549999999995, 0.044754699999999994, 0.04524285, 0.045730999999999994, 0.04621915, 0.04670729999999999, 0.04719545, 0.04768359999999999, 0.04817175, 0.0486599, 0.04914805, 0.0496362, 0.05012435, 0.0506125, 0.05110065, 0.0515888, 0.05207695, 0.0525651, 0.053053249999999996, 0.053541399999999996, 0.054029549999999996, 0.054517699999999995, 0.055005849999999995, 0.055493999999999995, 0.055982149999999994, 0.056470299999999994, 0.056958449999999994, 0.057446599999999994, 0.05793474999999999, 0.05842289999999999, 0.05891104999999999, 0.05939919999999999, 0.05988734999999999, 0.0603755, 0.06086365, 0.0613518, 0.06183995, 0.0623281, 0.06281624999999999, 0.0633044, 0.06379255, 0.0642807, 0.06476884999999999, 0.065257], "step_numbers": ["0", "1", "500", "1000", "1500", "2000", "2500", "3000", "3500", "4000", "4500", "5000", "5500", "6000", "6500", "7000", "7500", "8000", "8500", "9000"]}, "algo-1-27": {"step_stats": {"mean": 0.028675188031428267, "max": 11.023464, "p99": 0.03260140000000001, "p95": 0.026596500000000002, "p50": 0.023303, "min": 0.016859}, "number_of_outliers": 24, "phase": "Step:ModeKeys.TRAIN", "stddev": 0.14, "probs": [2, 2, 1, 2, 0, 1, 0, 0, 0, 1, 1, 31, 120, 165, 126, 65, 47, 28, 37, 33, 31, 88, 385, 924, 1196, 1000, 651, 460, 353, 278, 276, 202, 256, 325, 527, 585, 370, 161, 54, 42, 35, 23, 31, 24, 16, 13, 13, 11, 16, 14, 22, 14, 14, 15, 7, 9, 10, 5, 18, 15, 10, 9, 11, 5, 15, 6, 6, 5, 3, 9, 3, 4, 2, 1, 0, 4, 4, 1, 3, 0, 0, 2, 0, 1, 0, 2, 2, 1, 1, 0, 0, 1, 2, 0, 0, 0, 1, 0, 1, 1], "binedges": [0.016859, 0.0171024, 0.017345799999999998, 0.0175892, 0.0178326, 0.018076, 0.0183194, 0.018562799999999997, 0.0188062, 0.0190496, 0.019292999999999998, 0.0195364, 0.0197798, 0.020023199999999998, 0.0202666, 0.02051, 0.020753399999999998, 0.0209968, 0.0212402, 0.0214836, 0.021727, 0.0219704, 0.0222138, 0.0224572, 0.0227006, 0.022944, 0.0231874, 0.023430799999999998, 0.0236742, 0.023917599999999997, 0.024161, 0.0244044, 0.024647799999999997, 0.0248912, 0.0251346, 0.025377999999999998, 0.0256214, 0.0258648, 0.026108199999999998, 0.0263516, 0.026595, 0.0268384, 0.0270818, 0.0273252, 0.0275686, 0.027812, 0.0280554, 0.0282988, 0.0285422, 0.0287856, 0.029029, 0.029272399999999997, 0.029515800000000002, 0.0297592, 0.030002599999999997, 0.030246, 0.0304894, 0.030732799999999998, 0.0309762, 0.0312196, 0.031463, 0.031706399999999996, 0.0319498, 0.0321932, 0.032436599999999996, 0.03268, 0.0329234, 0.033166799999999996, 0.0334102, 0.0336536, 0.033897, 0.0341404, 0.0343838, 0.0346272, 0.0348706, 0.035114, 0.0353574, 0.0356008, 0.0358442, 0.0360876, 0.036331, 0.0365744, 0.0368178, 0.0370612, 0.0373046, 0.037548, 0.0377914, 0.0380348, 0.0382782, 0.0385216, 0.038765, 0.0390084, 0.0392518, 0.0394952, 0.0397386, 0.039982000000000004, 0.0402254, 0.0404688, 0.040712200000000004, 0.040955599999999995, 0.041199], "step_numbers": ["0", "1", "500", "1000", "1000", "1500", "2000", "2500", "3000", "3000", "3500", "4000", "4500", "5000", "5500", "6000", "6500", "7000", "7000", "7500", "8000", "8500", "9000", "9000"]}}, "ratio": {}, "phase": {"Step:ModeKeys.TRAIN": 96.57123709349578, "Step:ModeKeys.EVAL": 3.428762906504229}, "phase_time": {}, "general": {"Forward": 99.9998343237178, "DataLoaderIterInitialize": 0.00016567628219109237}}, "Datapoints": 18769, "RuleParameters": "threshold:3\nmode:None\nn_outliers:10\nstddev:3"}